Key,Item Type,Publication Year,Author,Title,Publication Title,ISBN,ISSN,DOI,Url,Abstract Note,Date,Date Added,Date Modified,Access Date,Pages,Num Pages,Issue,Volume,Number Of Volumes,Journal Abbreviation,Short Title,Series,Series Number,Series Text,Series Title,Publisher,Place,Language,Rights,Type,Archive,Archive Location,Library Catalog,Call Number,Extra,Notes,File Attachments,Link Attachments,Manual Tags,Automatic Tags,Editor,Series Editor,Translator,Contributor,Attorney Agent,Book Author,Cast Member,Commenter,Composer,Cosponsor,Counsel,Interviewer,Producer,Recipient,Reviewed Author,Scriptwriter,Words By,Guest,Number,Edition,Running Time,Scale,Medium,Artwork Size,Filing Date,Application Number,Assignee,Issuing Authority,Country,Meeting Name,Conference Name,Court,References,Reporter,Legal Status,Priority Numbers,Programming Language,Version,System,Code,Code Number,Section,Session,Committee,History,Legislative Body
 ,book, ,"Bello , Andrés","Obras Completas VI, Opúsculos literarios y críticos", , , , ,https://ia601509.us.archive.org/35/items/obras-completas-de-don-andres-bello/Obras%20completas%20VI%20de%20don%20Andr%C3%A9s%20Bello.pdf, , , , , , , , , , , , , , , , , ,Santiago de Chile,es, , ,European Libraries,https://archive.org/details/europeanlibraries,http://www.worldcat.org/oclc/488513072, ,"{ “book” : {“genre”: “”}, “author”: {“country”: “Venezuela”} }","<p>El abate Masdeu es uno de aquellos críticos que, poseídos do un patriotismo fanático, pierden los estribos desde que encuentran un hecho, un documento, en que se imaginan vulnerado el honor de su nación, de su provincia, de su ciudad predilecta. En varias partes de la Historia Crítica, se deja entrever un escritor apasionado, cuyo buen juicio está a la merced de ridículas antipatías. Masdeu era natural de Barcelona, i la Gesta Roderici refiere que un conde de Barcelona fue dos veces vencido, i lo que es peor, generosamente restituido a la libertad por el Cid. Hinc illoe lacrimoe. Era menester, en castigo de tamaña osadía, tiznar con una nota de infamia aquella pretendida historia, i tratar con inexorable rigor al personaje historiado, desterrándole al país de las novelas i romances.</p>",../assets/img/Obras_completas_VI_Andrés Bello.jpg, , , , , , , , , , , , , , , , , , , , ,1883, , , , , , , , , , , , , , , , , , , , , , , , , , , , 
 ,book, ,"Rojas , Arístides",Crónicas de Caracas, , , , ,https://ia601507.us.archive.org/7/items/cronicas_de_caracas_aristides_rojas/cronicas_de_caracas_aristides_rojas.pdf, , , , , , , , , , , , , , , , , ,Buenos Aires,es, , ,Biblioteca Digital César Rengifo,http://bibliotecadigital.bnv.gob.ve/,http://www.worldcat.org/oclc/948412987, ,"{ “book” : {“genre”: “”}, “author”: {“country”: “Venezuela”} }","<p>Caen los imperios y derrúmbanse las sociedades, de la misma manera que se desprenden las hojas de los árboles. Todo nace y muere, todo pasa y nada es estable, porque tal es el destino, al cual sometió la Providencia las cosas sublunares.¿Dónde están los patronos y abogados de Caracas?</p>",../assets/img/cronica_caracas_aristides_Morel.jpg, , , , , , , , , , , , , , , , , , , , ,1946, , , , , , , , , , , , , , , , , , , , , , , , , , , , 
 ,book,1884,"A. Romero , Telmo",El bien general, , , , ,https://ia601404.us.archive.org/23/items/telmo_romero-el_bien_general/telmo_romero-el_bien_general.pdf, , , , , , , , , , , , , , , , , ,Caracas,es, , ,Biblioteca Digital César Rengifo,http://bibliotecadigital.bnv.gob.ve/, , ,"{ “book” : {“genre”: “”}, “author”: {“country”: “Venezuela”} }","<p>— ¡La sífilis! exclamé yo, sin poder ocultar mi curiosidad. ¿Tú curas la sífilis ? más luego volviendo sobre mí, le pregunté ¿y no podrás tú indicarme los medios que empleas para conseguir esas curaciones que, según tú, haces y has hecho siempre entre los tuyos?— Oh, no, exclamó, si yo te enseñara esos métodos, irías bien pronto a publicarlos por toda la comarca, y luego mis descubrimientos serían conocidos de todas estas tribus, lo que, como tú comprenderás, no me conviene por ningún respecto.</p>",../assets/img/el_bien_general-Telmo_Romero-MOREL.jpg, , , , , , , , , , , , , , , , , , , , ,1884, , , , , , , , , , , , , , , , , , , , , , , , , , , , 
 ,book, ,"Rodríguez , Simón",Bolívar contra Bolívar, , , , ,https://ia601408.us.archive.org/32/items/bolivar-contra-bolivar/Bolivar_Contra_Bolivar.pdf, , , , , , , , , , , , , , , , , ,Caracas,es, , ,Consejo Latinoamericano de Ciencias Sociales,https://www.clacso.org.ar/biblioteca_ayacucho/, , ,"{ “book” : {“genre”: “”}, “author”: {“country”: “Venezuela”} }","<p>El que conozca las Colonias Españolas, no cesará de admirar a Bolívar, y nunca lo admirará bastante. Bolívar no se ha apropiado la parte, que han tenido en su gloria, muchos de sus Compañeros: él ha sido el primero que les ha hecho justicia a la faz del mundo – que ha premiado, y que ha recomendado sus servicios – En Europa pelean soldados contra soldados, y los Generales, fuera del campo de batalla, van en coche: en América, el ejército ha combatido contra los elementos y contra los imposibles – abrazándose en las llanuras y helándose en las montañas… ¡sin caminos, sin puentes, y, las más de veces, sin caballos!…</p>",../assets/img/Bolivar_Contra_Bolivar_Morel.jpg, , , , , , , , , , , , , , , , , , , , ,2019, , , , , , , , , , , , , , , , , , , , , , , , , , , , 
 ,book,1918,"Bolívar Coronado , Rafael;Blanco Fombona , Rufino",Los caciques heroicos, , , , ,https://ia601405.us.archive.org/35/items/los_caciques_heroicos/los_caciques_heroicos.pdf, , , , , , , , , , , , , , , , , ,Madrid,es, , ,Biblioteca Digital César Rengifo,http://bibliotecadigital.bnv.gob.ve/s, , ,"{ “book” : {“genre”: “”}, “author”: {“country”: “Venezuela”} }","<p>En este [forjado] texto francés hay muchas cosas que merecen la mayor alabanza: mayor­mente la gran sutileza del historiador y su mucha malicia y discreción al ahondar en la vida del Cacique, que fué nuestro opo­sitor aguerrido, impetuoso, potente, en las ínsulas del Mar del Norte y gran par­te del enjambre de islas que pueblan aquellas verdes y agitadas aguas.Y sube de punto lo laborioso de estas diligencias si se tiene en cuenta que en el personaje historiado no contó con docu­mentos, ni con muestras subterráneas ni con monumentos, sino que sólo se facili­taban las tradiciones, los consejos, los re­cuerdos y grandes hechos, transmitidos de generación en generación.</p>",../assets/img/Los_caciques_heroicos-Bolivar_Coronado-MOREL.jpg, , , , , , , , , , , , , , , , , , , , ,1918, , , , , , , , , , , , , , , , , , , , , , , , , , , , 
 ,book,1951,"de la Parra , Teresa",Cartas, , , , ,https://ia601403.us.archive.org/30/items/cartas_de_teresa_de_la_parra_202006/cartas_de_teresa_de_la_parra.pdf, , , , , , , , , , , , , , , , , ,Caracas,es, , ,Biblioteca Digital César Rengifo,http://bibliotecadigital.bnv.gob.ve/, , ,"{ “book” : {“genre”: “”}, “author”: {“country”: “Venezuela”} }","<p>Cada día me deprime más ese medio de me­diocres de relumbrón que se hacen dar banquetes y nombrar por críticos benevolentes para hacer efecto allá, al otro lado del mar, a personas que en el fondo valen más que ellos y a quienes desorien­tan y envenenan con el espejismo de la notorie­dad. Entre los muchos bienes que debo a mi viaje por Colombia hay uno que aprecio sobre todos: el de no haber sentido un momento halagado el amor propio por los homenajes, sino una especie de rubor muy hondo ante la idea de que me so­brepasaban. Esa reacción de humildad espontánea me ha hecho un bien inmenso, porque me ha des­pertado el deseo de merecer en realidad, a la ma­nera de los místicos, y de los obreros de las cate­drales de la Edad Media que esculpían una piedra y la colocaban en un lugar obscuro sin grabar su nombre.</p>",../assets/img/cartas-teresa_de_la_parra-MOREL.jpg, , , , , , , , , , , , , , , , , , , , ,1951, , , , , , , , , , , , , , , , , , , , , , , , , , , , 
 ,book, ,"Blanco Fombona , Rufino",Cuentos de poeta, , , , ,https://ia601503.us.archive.org/14/items/blanco-fombona-cuentos/blanco-fombona-cuentos.pdf, , , , , , , , , , , , , , , , , ,Maracaibo,es, , ,Proyecto Gutenberg,https://www.gutenberg.org,http://www.worldcat.org/oclc/633682205, ,"{ “book” : {“genre”: “”}, “author”: {“country”: “Venezuela”} }","<p>Ella, la enamorada, lo engañó; lo engañó con un músico, artista extranjero, bohemio errante. La hija del montón, nostálgica de aventuras; la gitana, acaso la artista, se despertó en Carmen, y ya no hubo para la bella alondra fascinada, sino el soñar con placenteras noches azules, en lejanos países, entre un coro de admiradores deslumbrados por su belleza, ebrios de champaña y de amor.El, al principio, tuvo tentaciones de pegarle. Pero no podía ser. Reaccionó. Carmen, hija del lodo, en el lodo se despeñaba. Víctima, sin saberlo, de una dolorosa herencia de infamia; renuevo anónimo, espuma de la hez, era una flor de la hampa, pálido nelumbo abierto en el légamo.</p>",../assets/img/cuentos_blanco_fombona_Morel.jpg, , , , , , , , , , , , , , , , , , , , ,1900, , , , , , , , , , , , , , , , , , , , , , , , , , , , 
 ,book, ,"Rafael Pocaterra , José",El doctor Bebé, , , , ,https://ia601408.us.archive.org/28/items/el-doctor-bebe-novela_202010/El%20doctor%20Beb%C3%A9%20%28novela%29.pdf, , , , , , , , , , , , , , , , , ,Madrid,es, , ,Canadian Libraries,https://archive.org/details/toronto,http://www.worldcat.org/oclc/253263282, ,"{ “book” : {“genre”: “”}, “author”: {“country”: “Venezuela”} }","<p>La señora Montesillo supo que algunas veces salían en las vistas cosas indecentes: una mujer bañándose, dos enamorados sin miramientos… Advirtióles desde su severidad que si no eran malas las vistas, podían ir. Para ella la moral era lo primero; sus hijas así lo comprendían y podían dar fe de lo cuidadosamente que tapaba algunos desnudos en los cromos, expurgaba los periódicos antes de que los leyeran y no permitía libros de cierta índole en su casa. Algunos eclesiásticos, entre ellos el padre Benítez, tenían gran influencia en la familia. ¡Como Cruz era tan descuidado!</p>",../assets/img/pocaterra_bebe_Morel.jpg, , , , , , , , , , , , , , , , , , , , ,1918, , , , , , , , , , , , , , , , , , , , , , , , , , , , 
 ,book, ,"Bolivar , Simón",Doctrina del Libertador, , , , ,https://ia601400.us.archive.org/1/items/doctrina-del-libertador-simon-bolivar/Doctrina_del_Libertador_Simon_Bolivar.pdf, , , , , , , , , , , , , , , , , ,Caracas,es, , ,Consejo Latinoamericano de Ciencias Sociales,https://www.clacso.org.ar/biblioteca_ayacucho/,http://www.worldcat.org/oclc/834914737, ,"{ “book” : {“genre”: “”}, “author”: {“country”: “Venezuela”} }","<p>Al describir el caos que nos envuelve, casi me ha parecido superfluo hablaros de nuestras relaciones con los demás pueblos de la tierra. Ellas prosperaron a medida que se exaltaba nuestra gloria militar y la prudencia de nuestros conciudadanos(..). El progreso de las relaciones exteriores ha dependido siempre de la sabiduría del Gobierno y de la concordia del pueblo. Ninguna nación se hizo nunca estimar, sino por la práctica de estas ventajas: ninguna se hizo respetable sin la unión que la fortifica. Y discorde Colombia, menospreciando sus leyes, arruinando su crédito, ¿qué alicientes podrá ella ofrecer a sus amigos? ¿Qué garantes para conservar siquiera a las que tiene? Retrogradando, en vez de avanzar, en la carrera civil, no inspira sino esquivez.</p>",../assets/img/libertador_doctrina.jpg, , , , , , , , , , , , , , , , , , , , ,1979, , , , , , , , , , , , , , , , , , , , , , , , , , , , 
 ,book, ,"Blanco Fombona , Rufino",Ensayos históricos, , , , ,https://ia601505.us.archive.org/3/items/ensayos-historicos-rufino-blanco-fombona/Ensayos_historicos_Rufino_Blanco_Fombona.pdf, , , , , , , , , , , , , , , , , ,Caracas,es, , ,Consejo Latinoamericano de Ciencias Sociales,https://www.clacso.org.ar/biblioteca_ayacucho/,http://www.worldcat.org/oclc/1043994394, ,"{ “book” : {“genre”: “”}, “author”: {“country”: “Venezuela”} }","<p>Por creer a la América una inmensa factoría y gobernarla como tal, perdió España sus colonias americanas entre 1810 y 1824. En el capítulo de cargos que los insurgentes hacían, corre ese como principal. Por creer a América una inmensa factoría, no supo España verla crecer —ni aprovechó aquellas fuerzas propicias— durante el siglo xix. Por creer a la América una inmensa factoría, desoyó España los prudentes consejos de Pi y Margall, respecto a Cuba. Por creer a América una inmensa factoría, ocurrieron la guerra con los Estados Unidos y los desastres y sonrojos subsiguientes.</p><p>La experiencia nada enseña, según advertimos. Hoy, en pleno siglo xx, un Sr. Job, cuyo talento agrava su actitud, opina también que América es una inmensa factoría.</p>",../assets/img/Ensayos_historicos_Blanco_Fombona.jpg, , , , , , , , , , , , , , , , , , , , ,1981, , , , , , , , , , , , , , , , , , , , , , , , , , , , 
 ,book, ,"Febres Cordero , Tulio",Cuentos, , , , ,https://ia601508.us.archive.org/20/items/tulio-febres-cordero-cuentos/Tulio-Febres-Cordero-Cuentos.pdf, , , , , , , , , , , , , , , , , ,"Mérida, Venezuela",es, , ,Biblioteca Digital César Rengifo,http://bibliotecadigital.bnv.gob.ve/,http://www.worldcat.org/oclc/760610050, ,"{ “book” : {“genre”: “”}, “author”: {“country”: “Venezuela”} }","<p>El campo tiene el mágico poder de inspirar bellos pensamientos. Leer esto e imaginarme haber hallado la clave de un idilio, pensaba yo, ha estado alguna pareja de amantes con las manos juntas y los corazones mucho más, jurándose amor eterno a la puesta del sol, hora en que se tiñen de rosa los collados y cantan las aves, ya ocultas entre el follaje, su melancólica despedida. Pero ¿quienes eran ellos?…</p>",../assets/img/cuentos_febres_cordero_Morel.jpg, , , , , , , , , , , , , , , , , , , , ,1994, , , , , , , , , , , , , , , , , , , , , , , , , , , , 
 ,book, ,"Toro , Fermín",Los mártires, , , , ,https://ia601407.us.archive.org/23/items/los-martires.-fermin-toro/Los%20martires.%20Ferm%C3%ADn%20Toro.pdf, , , , , , , , , , , , , , , , , ,Caracas,es, , ,Fundación Editorial El perro y la rana,http://www.elperroylarana.gob.ve,http://www.worldcat.org/oclc/419587801, ,"{ “book” : {“genre”: “”}, “author”: {“country”: “Venezuela”} }","<p>“Adiós” me dijo Eduardo con una voz y una mirada que me hicieron temer nuevas desgracias. “Eduardo”, le dije con tono severo: “no saldrás sin mí; mira si quieres que haya otra víctima y este anciano te seguirá”. Al oír mis palabras, volvió a caer sobre la silla dando un gemido que me tras-pasó el corazón. ¡Cuán larga noche! ¡qué eternidad! Las horas se hacían siglos para nuestro sufrimiento y nuestra mortal impaciencia duplicaba las horas y aumentaba el tormento…</p>",../assets/img/fermin_toro_martires_Morel.jpg, , , , , , , , , , , , , , , , , , , , ,2017, , , , , , , , , , , , , , , , , , , , , , , , , , , , 
 ,book, ,"F. O’Leary , Daniel",Gran Colombia y España (1819-1822), , , , ,https://ia601409.us.archive.org/5/items/daniel-o-leary-gran-colombia-y-espana-1819-1822/Daniel_O%27Leary-gran-colombia_y_espana_1819_1822.pdf, , , , , , , , , , , , , , , , , ,Madrid,es, , ,Cervantes Virtual,http://www.cervantesvirtual.com/, , ,"{ “book” : {“genre”: “”}, “author”: {“country”: “Venezuela”} }","<p>A sus íntimos amigos decía: el plan en sí mismo es grande y magnífico; pero además de su utilidad deseo verlo realizado, porque nos da la oportunidad de remediar en parte la injusticia que se ha hecho a un grande hombre, á quien de ese modo erigiremos un monumento que justifique nuestra gratitud. Llamando á nuestra república Colombia y denominando su capital Las Casas, probaremos al mundo que no sólo tenemos derecho a ser libres, sino á ser considerados bastantemente justos para saber honrar á los amigos y á los bienhechores de la humanidad; Colón y Las Casas pertenecen a la América. Honrémonos perpetuando sus glorias.</p>",../assets/img/Daniel_O’Leary-gran-colombia_y_espana_1819_1822.jpg, , , , , , , , , , , , , , , , , , , , ,1919, , , , , , , , , , , , , , , , , , , , , , , , , , , , 
 ,book, ,"Blanco Fombona , Rufino",Grandes escritores de América, , , , ,https://ia803405.us.archive.org/4/items/grandes-escritores-de-america/Grandes%20escritores%20de%20America.pdf, , , , , , , , , , , , , , , , , ,Madrid,es, , ,American Libraries,https://archive.org/details/americana,http://www.worldcat.org/oclc/567949813, ,"{ “book” : {“genre”: “”}, “author”: {“country”: “Venezuela”} }","<p>La Moral, es decir, la armonía, el orden del ser consciente, está dentro de la Naturaleza y obedece á leyes naturales como la armonía del cosmos, de la que es correlativa.</p><p>El cumplimiento del deber le parece al moralista americano una nota estética, y por ello grata en sí y de delicioso cumplimiento. Considera el deber como una deducción espontánea de cuantas relaciones no ligan con el mundo externo, con el mundo inmterno y con el mundo social.</p>",../assets/img/grandes_escritores_rufino_blanco_fombona_Morel.jpg, , , , , , , , , , , , , , , , , , , , ,1917, , , , , , , , , , , , , , , , , , , , , , , , , , , , 
 ,book,1723,"de Oviedo y Baños , José",Historia de la conquista y población de la provincia de Venezuela, , , , ,https://ia601405.us.archive.org/2/items/jose_de_oviedo_y_banos_historia_de_la_conquista_y_poblacion_de_la_provincia_de_venezuela_tomo_1_MOREL/jose_de_oviedo_y_banos_historia_de_la_conquista_y_poblacion_de_la_provincia_de_venezuela_tomo_1_MOREL.pdf, , , , , , , , , , , , , , , , , ,Madrid,es, , ,Google Books,http://books.google.com, , ,"{ “book” : {“genre”: “”}, “author”: {“country”: “Venezuela”} }","<p>Cuando los españoles descubrieron a primera vez esta laguna, hallaron grandes poblaciones de indios formadas dentro del agua por todas sus orillas, y de aquí tomaron motivo para llamarla Venezuela, por la similitud que tenía su planta con la ciudad de Venecia; nombre que se extendió después á toda la provincia, aunque al presente sólo han quedado cuatro pueblos que mantienen la memoria de los que dió fundamento á la causa de su origen, y esos de tan corta vecindad, que el de Moporo (que es el mayor de todos) me parece que tendría treinta casas el año de 686 que estuve en él: experiméntase en estos pueblos un raro efecto y singular transmutación que obra la naturaleza, pues todos los maderos sobre que fabrican las casas, como sean de una especie que llaman era, que es muy sólida y fuerte, toda aquella parte que cogió dentro del agua de la laguna, pasando algunos años se convierte en piedra, quedando lo demás en su ser primitivo de madera, manteniéndose unidas en un cuerpo tan distintas materias</p>",../assets/img/jose_de_oviedo_y_banos_historia_de_la_conquista_y_poblacion_de_la_provincia_de_venezuela_tomo_1_MOREL.jpg, , , , , , , , , , , , , , , , , , , , ,1885, , , , , , , , , , , , , , , , , , , , , , , , , , , , 
 ,book, ,"de Humboldt , Alejandro;Bonpland , Aimé;Lisandro Alvarado","Viaje a las regiones equinocciales del nuevo continente, tomo II", , , , ,https://ia801405.us.archive.org/15/items/alejandro-humbolt-viaje-a-las-regiones-equinocciales-tomo-2/Alejandro_Humbolt_viaje_a_las_regiones_equinocciales_tomo_2.pdf, , , , , , , , , , , , , , , , , ,Caracas,es, , ,Biblioteca Digital César Rengifo,http://bibliotecadigital.bnv.gob.ve/s, , ,"{ “book” : {“genre”: “”}, “author”: {“country”: “Venezuela”} }","<p>Partimos de Caracas el 7 de febrero, con la fresca de la tarde, para emprender nuestro viaje al Orinoco. El recuerdo de esta partida es hoy para nosotros más doloroso de lo que fué hace algunos años. Nuestros amigos han perecido en las sangrientas revoluciones que a su vez han concedido o arrebatado la libertad a estas apartadas regiones. La casa que hemos habitado ya no es sino un montón de escombros. Pavorosos temblores de tierra han cambiado la superficie del suelo. La ciudad que describí ha desaparecido. En sus propios asientos, en esa tierra agrietada, se levanta con lentitud otra ciudad. Las ruinas amontonadas, sepulcros de una numerosa población, ya son de nuevo morada de los hombres.</p>",../assets/img/Alejandro_de_Humboldt-Viaje_regiones_equinocciales_2-MOREL.jpg, , , , , , , , , , , , , , , , , , , , ,1941, , , , , , , , , , , , , , , , , , , , , , , , , , , , 
 ,book,1901,"Díaz Rodríguez , Manuel",Ídolos rotos, , , , ,https://ia601404.us.archive.org/2/items/idolos-rotos/Idolos%20rotos.pdf, , , , , , , , , , , , , , , , , ,Madrid,es, , ,Biblioteca Digital Hispánica,http://bibliotecadigitalhispanica.bne.es/,http://www.worldcat.org/oclc/9033933, ,"{ “book” : {“genre”: “”}, “author”: {“country”: “Venezuela”} }","<p>Sintiéndose iniciado por el Amor en los misterios de la Belleza, en sus amores buscó y halló Alberto el germen de su primera obra; de arte. La concepción original de su obra pasó á través de muchas metamorfosis amables antes de hacerse definitiva. Su primera idea fué la de representar, en una ó más figuras bellas, el ideal confusamente delineado de un amor futuro, libre y feliz, nacido lejos de toda sospecha, superior á toda liviandad y pequeñez, exento de mancha. De esa idea pasó á otra, que le pareció análoga, si no idéntica en el fondo: la de representar el amor antiguo, sano y alegre.</p>",../assets/img/idolos_rotos_diaz_rodriguez_Morel.jpg, , , , , , , , , , , , , , , , , , , , ,1919, , , , , , , , , , , , , , , , , , , , , , , , , , , , 
 ,book,1924,"de la Parra , Teresa",Ifigenia, , , , ,https://ia601400.us.archive.org/22/items/ifigenia/ifigenia.pdf, , , , , , , , , , , , , , , , , ,París,es, , ,Biblioteca Digital César Rengifo,http://bibliotecadigital.bnv.gob.ve/, , ,"{ “book” : {“genre”: “”}, “author”: {“country”: “Venezuela”} }","<p>¡Ah! si yo fuera poeta, habría escrito ya, sin duda ninguna, el elogio del jabón, multiplicándose en espuma y en luminosas burbujas por obra y gracia de los activos nudillos de Gregoria. Y es que para mi gusto no hay ningún poema comparable a ese blanquísimo poema de la batea, que tan bien interpretan las viejas manos ya algo rígidas y temblorosas.</p>",../assets/img/Ifigenia-teresa_de_la_parra-MOREL.jpg, , , , , , , , , , , , , , , , , , , , ,1928, , , , , , , , , , , , , , , , , , , , , , , , , , , , 
 ,book,1885,Zulima,María o el despotismo: drama en tres actos, , , , ,https://archive.org/download/maraoeldespotism14318lpez/maraoeldespotism14318lpez.pdf, , , , , , , , , , , , , , , , , ,Caracas,es, , ,Universidad de North Carolina en Chapell Hill,https://archive.org/details/unclibraries, , ,"{ “book” : {“genre”: “”}, “author”: {“country”: “Venezuela”} }","<p>-Temeridades de los sublevados, que se les lia metido en la cabeza, arrojar de esta tierra, que ellos llaman suya, á los españoles que los han hecho lo que son, y que son sin disputa, dueños absolutos de este suelo, por derecho de conquista. -Errores y más errores. ¡Siempre errando! -¿Por qué errores, María? ¿Qué serían estos indios imbéciles si no hubieran sido conquistados y algo civilizados por los españoles? Bestias salvajes que vivirían sin Dios ni ley.</p>",../assets/img/Zulima_Maria-o-el-despotismo-MOREL.jpg, , , , , , , , , , , , , , , , , , , , ,1885, , , , , , , , , , , , , , , , , , , , , , , , , , , , 
 ,book, ,"de la Parra , Teresa",Memorias de Mama Blanca, , , , ,https://ia601403.us.archive.org/17/items/memorias_de_mama_blanca_teresa_de_la_parra/memorias_de_mama_blanca_teresa_de_la_parra.pdf, , , , , , , , , , , , , , , , , ,Buenos Aires,es, , ,Biblioteca Digital César Rengifo,http://bibliotecadigital.bnv.gob.ve/, , ,"{ “book” : {“genre”: “”}, “author”: {“country”: “Venezuela”} }","<p>Los achaques de su piano, cuyas cuerdas gastadas se resistían de tiempo en tiempo a sonar como es debido, la hacían sonreír con indulgencia en atención a tan larga fi­delidad herida por fin de decadencia. Sus propias deficien­cias la llenaban de un suave desencanto que florecía en consejos si, dado el caso, yo me hallaba sentada a su lado. En tal circunstancia, cesaba la pieza comenzada, se quitaba los anteojos, apoyaba los codos en el teclado, cruzaba sus manos salpicadas por las manchas del tiempo y me decía en voz de confidencia, señalando con los ojos el nombre del compositor, en el libro abierto sobre el piano:</p>",../assets/img/memorias_de_mama_blanca-teresa_de_la_parra-MOREL.jpg, , , , , , , , , , , , , , , , , , , , ,1945, , , , , , , , , , , , , , , , , , , , , , , , , , , , 
 ,book, ,"Blanco , Eduardo",Venezuela heroica, , , , ,https://ia601500.us.archive.org/4/items/venezuela-heroica-eduardo-blanco/Venezuela%20heroica%20-%20Eduardo%20Blanco.pdf, , , , , , , , , , , , , , , , , ,Caracas,es, , ,Canadian Libraries,https://archive.org/details/toronto,http://www.worldcat.org/oclc/1102082889, ,"{ “book” : {“genre”: “”}, “author”: {“country”: “Venezuela”} }","<p>Cunde el terror en todos los corazones. Mina la desconfianza el entusiasmo del soldado. Caracas se estremece de espanto, como si ya golpearan á sus puertas las huestes del feroz asturiano. Decae la fe en los más alentados. Una parálisis violenta producida por el terror amenaza anonadar al patriotismo. Cual si uno de los gigantes de la andina cordillera hubiese vomitado improviso una tempestad de lavas y escorias capaces de soterrar el continente americano, todo tiembla y todo se derrumba.</p><p>Sólo Bolívar no se conmueve; superior á las veleidades de la fortuna, para su alma no hay contrariedad, ni sacrificio, ni prueba desastrosa que la avasalle ni la postre.</p>",../assets/img/Venezuela_heroica_Morel.jpg, , , , , , , , , , , , , , , , , , , , ,1881, , , , , , , , , , , , , , , , , , , , , , , , , , , , 
 ,book,1892,"Febres Cordero , Tulio",El nombre de América, , , , ,https://ia601506.us.archive.org/23/items/el_nombre_de_america_/el_nombre_de_america_.pdf, , , , , , , , , , , , , , , , , ,"Mérida, Venezuela",es, , ,Biblioteca Digital César Rengifo,http://bibliotecadigital.bnv.gob.ve/s, , ,"{ “book” : {“genre”: “”}, “author”: {“country”: “Venezuela”} }","<p>¿No hallará hoy la Historia quien, rompiendo de igual suerte contra una costumbre de cua­tro siglos, corrija las cartas geográficas del nuevo hemisferio, donde, según el sentir unánime de las gentes, en vez de A mérica debe leerse Colombia ó Colónida , en ho­nor del inmortal Colón? La conmemoración del cuarto centena­rio del descubrimiento de América es la ocasión más propicia para reparar esta in­justicia lamentada por los historiadores. Humildes obreros de la prensa, hemos trabajado constantemente desde 1884 por ver de popularizar la idea.</p>",../assets/img/Tulio_Febres_Cordero-El_nombre_de_America-MOREL.jpg, , , , , , , , , , , , , , , , , , , , ,1892, , , , , , , , , , , , , , , , , , , , , , , , , , , , 
 ,book,1881,"Bello , Andrés",Obras completas I: filosofía del entendimiento, , , , ,https://ia601506.us.archive.org/4/items/andres-bello-filosofia-del-emtendimiento-tomo-1-morel/Andres_Bello_Filosofia_del_Emtendimiento_Tomo_1-MOREL.pdf, , , , , , , , , , , , , , , , , ,Santiago de Chile,es, , ,Biblioteca Virtual Miguel de Cervantes,http://www.cervantesvirtual.com, , ,"{ “book” : {“genre”: “”}, “author”: {“country”: “Venezuela”} }","<p>Que los brutos sienten i comparan sus sensaciones, es absolutamente fuera de duda. Tienen por consiguiente alma; i esa alma es en ellos, como en el hombre, una sustancia simple, inextensa, incorpórea. Ni esto se opone a que el alma humana i la de los brutos sean de diversa naturaleza, porque no hai razón alguna para negar que Dios haya creado diferentísimas especies de sustancias inmateriales con facultades mas o menos elevadas i con diferentes destinos futuros.</p>",../assets/img/Andrés_Bello-obras_completas_tomo_1_filosodia-MOREL.jpg, , , , , , , , , , , , , , , , , , , , ,1881, , , , , , , , , , , , , , , , , , , , , , , , , , , , 
 ,book, ,"Bello , Andrés","Obras Completas II, Poema del Cid", , , , ,https://ia601509.us.archive.org/35/items/obras-completas-de-don-andres-bello/Obras%20completas%20de%20don%20Andr%C3%A9s%20Bello.pdf, , , , , , , , , , , , , , , , , ,Santiago de Chile,es, , ,European Libraries,https://archive.org/details/europeanlibraries,http://www.worldcat.org/oclc/488513072, ,"{ “book” : {“genre”: “”}, “author”: {“country”: “Venezuela”} }","<p>La Crónica llama a Muño Gustioz, sobrino del Cid; pero es reparable que haciéndose tanta mención de este caballero en el Poema, en ninguna parte se lo califique de tal, como tampoco a Martin Antulinez. Criados de un señor se llamaban los hombres principales que le debían su educación i sus aumentos, i en este caso se hallaba Muño Gustioz respecto del Cid, como se dice mas expresamente en los versos 2950 i 2951. De este caballero hai mucha memoria en las escrituras hasta el año 1119.</p>",../assets/img/Obras_completas_dos_Andres_Bello.jpg, , , , , , , , , , , , , , , , , , , , ,1881, , , , , , , , , , , , , , , , , , , , , , , , , , , , 
 ,book, ,"Arismendi Brito , Pedro","Versos, apenas versos", , , , ,https://ia601407.us.archive.org/5/items/versos-apenas-versos/Versos%2C%20apenas%20versos.pdf, , , , , , , , , , , , , , , , , ,Caracas,es, , ,American Libraries,https://archive.org/details/americana,http://www.worldcat.org/oclc/19676750, ,"{ “book” : {“genre”: “”}, “author”: {“country”: “Venezuela”} }","<p>Cuando, ya indigno de la empírea gracia,</p><p>Arrojado fué Adán del Paraíso,</p><p>En Eva la ocasión de su desgracia</p><p>Viendo, quejoso abandonarla quiso.</p><p>Pero los ojos plácidos de ella,</p><p>Flores de luz, vertieron suplicantes</p><p>Efluvios de ternura á tal querella</p><p>Y prendiéronse limpios dos brillantes.</p><p>Perlas de tanto precio no atesora</p><p>En la nacárea concha el mar de Oriente,</p><p>Ni con más gracia el llanto de la aurora</p><p>Presenta fresco lirio al sol naciente.</p><p>Al ver Adán en los turbados ojos</p><p>Las joyas con que el cielo orna á las flores,</p><p>Bendiciendo su culpa cae de hinojos,</p><p>Ya resignado á todos los dolores.</p>",../assets/img/pedro_arismendi_versos_apenas_Morel.jpg, , , , , , , , , , , , , , , , , , , , ,1911, , , , , , , , , , , , , , , , , , , , , , , , , , , , 
 ,book, ,"José de Sucre , Antonio",De mi propia mano, , , , ,https://ia601509.us.archive.org/16/items/de-mi-propia-mano/De_mi_propia_mano.pdf, , , , , , , , , , , , , , , , , ,Caracas,es, , ,Consejo Latinoamericano de Ciencias Sociales,https://www.clacso.org.ar/biblioteca_ayacucho/,http://www.worldcat.org/oclc/759475450, ,"{ “book” : {“genre”: “”}, “author”: {“country”: “Venezuela”} }","<p>¡“Caracas”! Guirnalda de reliquias beneméritas (de otros cuerpos que forman ese) que recordáis tantas victorias cuantas cicatrices adornan el pecho de vuestros veteranos. Ayer asombrasteis al remoto atlántico en Maracaibo y coro; hoy los andes del Perú se humillarán a vuestra intrepidez. Vuestro nombre os manda a todos ser héroes. Es el de la patria del libertador, el de la ciudad sagrada que marcha con él al frente de la américa. ¡Viva el libertador! ¡Viva la cuna de la libertad!</p>",../assets/img/antonio_sucre_propia_mano.jpg, , , , , , , , , , , , , , , , , , , , ,2008, , , , , , , , , , , , , , , , , , , , , , , , , , , , 
 ,book, ,"Picón Febres Cordero , Gonzalo","Don Simón Rodríguez, Maestro del Libertador", , , , ,https://ia601400.us.archive.org/28/items/don-simon-rodriguez-gonzalo-picon-febres-cordero/Don%20Sim%C3%B3n%20Rodriguez%20-%20Gonzalo%20Pic%C3%B3n%20Febres%20Cordero.pdf, , , , , , , , , , , , , , , , , ,Caracas,es, , ,Fundación Editorial El perro y la rana,http://www.elperroylarana.gob.ve/,http://www.worldcat.org/oclc/253220335, ,"{ “book” : {“genre”: “”}, “author”: {“country”: “Venezuela”} }","<p>Era Robinson hombre superior, por ello es por lo que merece consideraciones altas, elogios y respeto en nuestra historia intelectual hispanoamericana. Los civilizadores, cualquiera que sea su procedencia y a pesar de sus defectos, son acreedores no a la burla y al desdén, sino al ferviente homenaje de los hombres, porque su obra es de belleza, de bondad, de infinita abnegación y de heroísmo. ¿Que don Simón fue extravagante? Generalmente lo son todos los hombres de superior entendimiento y de conciencia honrada y pura.</p>",../assets/img/Simón_Rodriguez_Gonzalo_Picón_Febres.jpg, , , , , , , , , , , , , , , , , , , , ,2019, , , , , , , , , , , , , , , , , , , , , , , , , , , , 
 ,book, ,Zulima,Los sueños de Zulima, , , , ,https://ia601502.us.archive.org/19/items/los-suenos-de-zulima/Los%20suen%CC%83os%20de%20Zulima.pdf, , , , , , , , , , , , , , , , , ,Caracas,es, , ,University of North Carolina at Chapel Hill,https://archive.org/details/unclibraries,http://www.worldcat.org/oclc/1037870138, ,"{ “book” : {“genre”: “”}, “author”: {“country”: “Venezuela”} }","<p>Y es natural, mi vida se desliza</p><p>solitaria, abatida y silenciosa,</p><p>llena el alma de tétricos recuerdos</p><p>sintiendo siempre espina dolorosa.</p><p>Viendo grabadas en mi abatida mente</p><p>crueles fantasmas que á mi alma abruma,</p><p>que pasan por mi vista, una tras otra,</p><p>y se deshacen cual mentida bruma.</p><p>Diez y siete hijos me diste y me quitaste;</p><p>yo te pido Señor, me des valor;</p><p>yo te pido des calma á mi amargura,</p><p>yo te pido mitigues mi dolor.</p>",../assets/img/sueños_de_zulima_Morel.jpg, , , , , , , , , , , , , , , , , , , , ,1907, , , , , , , , , , , , , , , , , , , , , , , , , , , , 
 ,book,1925,"Antonio Ramos Sucre , José",La torre de timón, , , , ,https://ia601507.us.archive.org/14/items/latorredetimn-textoimpreso/LatorredetimnTextoimpreso.pdf, , , , , , , , , , , , , , , , , ,Caracas,es, , ,Biblioteca Digital Hispánica,http://www.bne.es/es/Catalogos/BibliotecaDigitalHispanica/Inicio/index.html, , ,"{ “book” : {“genre”: “”}, “author”: {“country”: “Venezuela”} }","<p>Al encontrarte, quedaremos unidos por el convencimiento de nuestro destierro en la ciudad moderna que se atormenta con el afán del oro. Ese día, demasiado tarde, el último de mi juventud, en que despertarán, como fantasmas, recuerdos semimuertos al formar el invierno la mortaja de la tierra, será el primero de nuestro amor infinito y estéril. Unidos en un mismo ensueño, huiremos del mundo, cada día más bárbaro y avaro. Huiremos en un vuelo, porque nuestras vidas terminarán sin huellas, de tal modo que éste será el epitafio de nuestro idilio y de nuestra existencia: pasaron como sonámbulos sobre la tierra maldita.</p>",../assets/img/jose_antonio_ramos_sucre_la_torre_de_timon-MOREL.jpg, , , , , , , , , , , , , , , , , , , , ,1925, , , , , , , , , , , , , , , , , , , , , , , , , , , , 
 ,book, ,"de Humboldt , Alejandro;Bonpland , Aimé;Lisandro Alvarado","Viaje a las regiones equinocciales del nuevo continente, tomo III", , , , ,https://ia601400.us.archive.org/16/items/alejandro-humbolt-viaje-a-las-regiones-equinocciales-tomo-3/Alejandro_Humbolt_viaje_a_las_regiones_equinocciales_tomo_3.pdf, , , , , , , , , , , , , , , , , ,Caracas,es, , ,Biblioteca Digital César Rengifo,http://bibliotecadigital.bnv.gob.ve/s, , ,"{ “book” : {“genre”: “”}, “author”: {“country”: “Venezuela”} }","<p>Partimos de Caracas el 7 de febrero, con la fresca de la tarde, para emprender nuestro viaje al Orinoco. El recuerdo de esta partida es hoy para nosotros más dolo­roso de lo que fué hace algunos años. Nuestros amigos han perecido en las sangrientas revoluciones que a su vez han concedido o arrebatado la libertad a estas apartadas regiones. La casa que hemos habitado ya no es sino un montón de escombros. Pavorosos temblores de tierra han cambiado la superficie del suelo. La ciu­dad que describí ha desaparecido. En sus propios asien­ tos, en esa tierra agrietada, se levanta con lentitud otraciudad. Las ruinas amontonadas, sepulcros de una nu­merosa población, ya son de nuevo morada de los hombres.</p>",../assets/img/Alejandro_de_Humboldt-Viaje_regiones_equinocciales-3_MOREL.jpg, , , , , , , , , , , , , , , , , , , , ,1941, , , , , , , , , , , , , , , , , , , , , , , , , , , , 
